patterns,s1,s2,priority,notes
–≤–≤–æ–¥–Ω|–Ω–∞—á–∞—Ç—å|—Å—Ç–∞—Ä—Ç|–∫–∞–∫ –Ω–∞—á–∞—Ç—å,"üé¨ –ù–∞—á–Ω–∏—Ç–µ —Å –≤–≤–æ–¥–Ω–æ–π –ª–µ–∫—Ü–∏–∏: <–≤–≤–æ–¥–Ω–∞—è>.","‚úÖ –®–∞–≥–∏ –Ω–∞ —Å—Ç–∞—Ä—Ç: 1) <–≤–≤–æ–¥–Ω–∞—è>, 2) <–∞–Ω–∫–µ—Ç–∞>, 3) #–¢–æ—á–∫–∞–ê.",100,–æ–Ω–±–æ—Ä–¥–∏–Ω–≥
–∞–Ω–∫–µ—Ç–∞|—Ñ–æ—Ä–º–∞|–∑–∞–ø–æ–ª–Ω–∏—Ç—å –∞–Ω–∫–µ—Ç,"üìù –ê–Ω–∫–µ—Ç–∞ —É—á–∞—Å—Ç–Ω–∏–∫–∞: <–∞–Ω–∫–µ—Ç–∞> (3‚Äì5 –º–∏–Ω—É—Ç).","üîó –ü–æ—Å–ª–µ –∞–Ω–∫–µ—Ç—ã –ø–æ—Å–º–æ—Ç—Ä–∏—Ç–µ <–≤–≤–æ–¥–Ω–∞—è> –∏ –Ω–∞–ø–∏—à–∏—Ç–µ #–¢–æ—á–∫–∞–ê.",90,–∞–Ω–∫–µ—Ç–∞
–ø—Ä–∞–≤–∏–ª|—Ä–µ–≥–ª–∞–º–µ–Ω—Ç|—á—Ç–æ –º–æ–∂–Ω–æ|–æ—Ñ—Ñ—Ç–æ–ø,"üìú –ü—Ä–∞–≤–∏–ª–∞ —á–∞—Ç–∞: <–ø—Ä–∞–≤–∏–ª–∞>.","üí¨ –ö–æ—Ä–æ—Ç–∫–æ: –ø–æ –¥–µ–ª—É –∏ –ø–æ –ø—Ä–æ–≥—Ä–∞–º–º–µ; —Å—Ç–æ—Ä–æ–Ω–Ω–∏–µ —Å–±–æ—Ä—ã ‚Äî –≤–Ω–µ —á–∞—Ç–∞. –ü–æ–ª–Ω–∞—è –≤–µ—Ä—Å–∏—è: <–ø—Ä–∞–≤–∏–ª–∞>.",80,–ø—Ä–∞–≤–∏–ª–∞
–≤—Å—Ç—Ä–µ—á|–∑–Ω–∞–∫–æ–º—Å—Ç–≤|—Ä–∞—Å–ø–∏—Å–∞–Ω|–≥—Ä–∞—Ñ–∏–∫|–∑—É–º|zoom,"üìÖ –ë–ª–∏–∂–∞–π—à–∏–µ –≤—Å—Ç—Ä–µ—á–∏ ‚Äî –≤ –∑–∞–∫—Ä–µ–ø–µ/–∞–Ω–æ–Ω—Å–µ; –ø—Ä–∏ –Ω–µ–æ–±—Ö–æ–¥–∏–º–æ—Å—Ç–∏ –ø—Ä–∏—à–ª—é —Å—Å—ã–ª–∫—É.","üé§ –ù–∞ –≤—Å—Ç—Ä–µ—á–µ ‚Äî 5‚Äì7 –º–∏–Ω —Å–∞–º–æ–ø—Ä–µ–∑–µ–Ω—Ç–∞—Ü–∏–∏; –±—É–¥—É—Ç –∑–∞–ø–∏—Å–∏.",70,–≤—Å—Ç—Ä–µ—á–∏
–≤–æ–ø—Ä–æ—Å|–ª–µ–∫—Ü–∏|–º–∞—Ç–µ—Ä–∏–∞–ª|–ø–æ–Ω—è—Ç—å|—Ä–∞–∑–æ–±—Ä–∞—Ç—å—Å—è,"‚ùì –í–æ–ø—Ä–æ—Å—ã –ø–æ –ª–µ–∫—Ü–∏—è–º ‚Äî –≤ –±–æ—Ç–∞ –ú–∞—à–µ (—Å—Å—ã–ª–∫–∞ –≤ –∑–∞–∫—Ä–µ–ø–µ).","üóíÔ∏è –ù–∞–ø–∏—à–∏—Ç–µ, –∫ –∫–∞–∫–æ–π –ª–µ–∫—Ü–∏–∏ –≤–æ–ø—Ä–æ—Å –∏ —á—Ç–æ –∏–º–µ–Ω–Ω–æ –Ω–µ–ø–æ–Ω—è—Ç–Ω–æ ‚Äî –ø–µ—Ä–µ–¥–∞–º –ú–∞—à–µ.",70,–≤–æ–ø—Ä–æ—Å—ã
–±–∞–∑–∞ –∑–∞—â–∏—Ç|–ø–∞–∫–µ—Ç –¥–æ–∫—É–º–µ–Ω—Ç|–ø–æ—Ä—Ç—Ñ–æ–ª–∏–æ,"üóÇÔ∏è –ë–∞–∑–∞ –∑–∞—â–∏—Ç: <–±–∞–∑–∞_–∑–∞—â–∏—Ç>. –†–µ–∫–æ–º–µ–Ω–¥—É—é 10‚Äì15 –ø–µ—Ä–µ–¥ —Å–≤–æ–µ–π.","üìÅ –°–Ω–∞—á–∞–ª–∞ —á–µ—Ä–Ω–æ–≤–∏–∫ –ø–∞–∫–µ—Ç–∞, –∑–∞—Ç–µ–º —Å–º–æ—Ç—Ä–∏–º –ø–æ—Ö–æ–∂–∏–µ –∑–∞—â–∏—Ç—ã: <–±–∞–∑–∞_–∑–∞—â–∏—Ç>.",70,–ø–∞–∫–µ—Ç
–∑–∞–ø–∏—Å–∞—Ç—å|—Å–ª–æ—Ç|—Ç–∞–±–ª–∏—Ü|—Ä–∞—Å–ø–∏—Å–∞–Ω–∏|–∫–æ–≥–¥–∞ –∑–∞—â–∏—Ç–∞|–¥–µ–¥–ª–∞–π–Ω,"‚è∞ –ó–∞–ø–∏—Å—å –Ω–∞ –∑–∞—â–∏—Ç—É ‚Äî –≤ —Ç–∞–±–ª–∏—Ü–µ (–∏–∑ –∑–∞–∫—Ä–µ–ø–∞). –õ—É—á—à–µ –∑–∞–Ω—è—Ç—å —Å–ª–æ—Ç –∑–∞—Ä–∞–Ω–µ–µ.","üóìÔ∏è –ó–∞–ø–∏—Å–∞—Ç—å—Å—è –º–æ–∂–Ω–æ –Ω–µ –ø–æ–∑–¥–Ω–µ–µ —á–µ–º –∑–∞ 10 –¥–Ω–µ–π; —Å—Å—ã–ª–∫—É –Ω–∞ –ø–∞–∫–µ—Ç ‚Äî –∑–∞ 3 –¥–Ω—è.",70,–∑–∞—â–∏—Ç–∞
onstudy|–ø–ª–∞—Ç—Ñ–æ—Ä–º|–ª–æ–≥–∏–Ω|–¥–æ—Å—Ç—É–ø,"üíª –õ–µ–∫—Ü–∏–∏ ‚Äî –Ω–∞ onstudy.org. –ï—Å–ª–∏ –Ω–µ –≤–∏–¥–∏—Ç–µ –∫—É—Ä—Å ‚Äî —Å–∫–∞–∂–∏—Ç–µ, –ø—Ä–æ–≤–µ—Ä–∏–º –¥–æ—Å—Ç—É–ø.","üóìÔ∏è –†–∞—Å–ø—Ä–µ–¥–µ–ª–∏—Ç–µ –ø—Ä–æ—Å–º–æ—Ç—Ä –ø–æ –Ω–µ–¥–µ–ª—è–º; –ø—Ä–∏—à–ª–∏—Ç–µ —Å–∫—Ä–∏–Ω, –µ—Å–ª–∏ —á—Ç–æ-—Ç–æ –Ω–µ –æ—Ç–∫—Ä—ã–≤–∞–µ—Ç—Å—è.",60,–ø–ª–∞—Ç—Ñ–æ—Ä–º–∞
–∫–Ω–∏–≥–∞|—á–∏—Ç–∞—Ç—å|1900,"üìö –ü–∞—Ä–∞–ª–ª–µ–ª—å–Ω–æ —á–∏—Ç–∞–µ–º ¬´–ò—Å–∫—É—Å—Å—Ç–≤–æ —Å 1900 –≥–æ–¥–∞¬ª.","üîé –ú–æ–∂–Ω–æ –≤—ã–±–æ—Ä–æ—á–Ω–æ ‚Äî –ø–æ –±–ª–æ–∫–∞–º, —Å–æ–≤–ø–∞–¥–∞—é—â–∏–º —Å –ª–µ–∫—Ü–∏—è–º–∏.",50,–∫–Ω–∏–≥–∞
*, "üí¨ –ü–æ–¥—Å–∫–∞–∂–∏—Ç–µ, –∫ –∫–∞–∫–æ–º—É –º–æ–¥—É–ª—é –æ—Ç–Ω–æ—Å–∏—Ç—Å—è –≤–æ–ø—Ä–æ—Å ‚Äî –ø–æ–º–æ–≥—É –±—ã—Å—Ç—Ä–æ —Å–æ—Ä–∏–µ–Ω—Ç–∏—Ä–æ–≤–∞—Ç—å—Å—è.","‚úÖ –ú–∏–Ω–∏-–ø–ª–∞–Ω: 1) <–≤–≤–æ–¥–Ω–∞—è>, 2) <–∞–Ω–∫–µ—Ç–∞>, 3) #–¢–æ—á–∫–∞–ê.",1,–¥–µ—Ñ–æ–ª—Ç
